{
	"body":
	{
		"type": "f_tal_nrw"
	},
	"face":
	{
		"freckles":
		{
			"option": "None",
			"density": 0.5,
			"saturation": 0.5,
			"strength": 0.5,
			"toneShift": 0.5
		},
		"accents":
		{
			"scalp":
			{
				"redness": 0,
				"saturation": 0,
				"lightness": 0
			},
			"forehead":
			{
				"redness": 0,
				"saturation": 0,
				"lightness": 0
			},
			"nose":
			{
				"redness": 0,
				"saturation": 0,
				"lightness": 0
			},
			"underEye":
			{
				"redness": 0,
				"saturation": 0,
				"lightness": 0
			},
			"cheeks":
			{
				"redness": 0,
				"saturation": 0,
				"lightness": 0
			},
			"lips":
			{
				"redness": 0,
				"saturation": 0,
				"lightness": 0
			},
			"chin":
			{
				"redness": 0,
				"saturation": 0,
				"lightness": 0
			},
			"ears":
			{
				"redness": 0,
				"saturation": 0,
				"lightness": 0
			}
		},
		"leftEye":
		{
			"iris":
			{
				"option": "005",
				"color1UI":
				{
					"x": 0.15000000596046448,
					"y": 0.38999998569488525
				},
				"color1":
				{
					"r": 0.0423114113509655,
					"g": 0.054480277001857758,
					"b": 0.078187420964241028,
					"a": 1
				},
				"color2UI":
				{
					"x": 0.14000000059604645,
					"y": 0.79000002145767212
				},
				"color2":
				{
					"r": 0.10461648553609848,
					"g": 0.11953842639923096,
					"b": 0.14995978772640228,
					"a": 1
				},
				"bUseRadialBlend": true,
				"colorBalance": 1,
				"colorBalanceSmoothness": 0.10999999940395355,
				"size": 0.5,
				"saturation": 0.20999999344348907,
				"limbusDarkAmount": 0.05000000074505806
			},
			"sclera":
			{
				"tintUI":
				{
					"x": 0.46986123919487,
					"y": 0.20145325362682343
				},
				"tint":
				{
					"r": 0.98225057125091553,
					"g": 0.9301108717918396,
					"b": 0.84687322378158569,
					"a": 1
				},
				"brightness": 0.61635631322860718,
				"rotation": 0,
				"vascularity": 0.21342138946056366,
				"veinsRotation": 0
			}
		},
		"rightEye":
		{
			"iris":
			{
				"option": "005",
				"color1UI":
				{
					"x": 0.15000000596046448,
					"y": 0.38999998569488525
				},
				"color1":
				{
					"r": 0.0423114113509655,
					"g": 0.054480277001857758,
					"b": 0.078187420964241028,
					"a": 1
				},
				"color2UI":
				{
					"x": 0.14000000059604645,
					"y": 0.79000002145767212
				},
				"color2":
				{
					"r": 0.10461648553609848,
					"g": 0.11953842639923096,
					"b": 0.14995978772640228,
					"a": 1
				},
				"bUseRadialBlend": true,
				"colorBalance": 1,
				"colorBalanceSmoothness": 0.10999999940395355,
				"size": 0.5,
				"saturation": 0.20999999344348907,
				"limbusDarkAmount": 0.05000000074505806
			},
			"sclera":
			{
				"tintUI":
				{
					"x": 0.46986123919487,
					"y": 0.20145325362682343
				},
				"tint":
				{
					"r": 0.98225057125091553,
					"g": 0.9301108717918396,
					"b": 0.84687322378158569,
					"a": 1
				},
				"brightness": 0.61635631322860718,
				"rotation": 0,
				"vascularity": 0.21342138946056366,
				"veinsRotation": 0
			}
		},
		"teeth":
		{
			"teethColorUI":
			{
				"x": 0.34999999403953552,
				"y": 0.34999999403953552
			},
			"teethColor":
			{
				"r": 0.67954248189926147,
				"g": 0.52099555730819702,
				"b": 0.33716362714767456,
				"a": 1
			},
			"gumColorUI":
			{
				"x": 0.34999999403953552,
				"y": 0.34999999403953552
			},
			"gumColor":
			{
				"r": 0.39157247543334961,
				"g": 0.078187420964241028,
				"b": 0.064803265035152435,
				"a": 1
			},
			"plaqueColorUI":
			{
				"x": 0.34999999403953552,
				"y": 0.34999999403953552
			},
			"plaqueColor":
			{
				"r": 0.60382735729217529,
				"g": 0.41788506507873535,
				"b": 0.11443537473678589,
				"a": 1
			},
			"plaqueAmount": 0.11999999731779099
		},
		"makeup":
		{
			"foundation":
			{
				"bApplyFoundation": true,
				"color":
				{
					"r": 0.52099597454071045,
					"g": 0.24228100478649139,
					"b": 0.16202899813652039,
					"a": 1
				},
				"intensity": 0.55851066112518311,
				"roughness": 0.32446807622909546,
				"concealer": 0.48936170339584351
			},
			"eyes":
			{
				"option": "SoftSmokey",
				"primaryColor":
				{
					"r": 0.023097328841686249,
					"g": 0.0019513900624588132,
					"b": 0.0019513900624588132,
					"a": 0
				},
				"secondaryColor":
				{
					"r": 0,
					"g": 0,
					"b": 0,
					"a": 1
				},
				"roughness": 0.5,
				"transparency": 0.55409473180770874,
				"metalness": 0
			},
			"blusher":
			{
				"option": "None",
				"color":
				{
					"r": 0.34509798884391785,
					"g": 0,
					"b": 0,
					"a": 1
				},
				"intensity": 0.40000000596046448,
				"roughness": 0.25
			},
			"lips":
			{
				"option": "None",
				"color":
				{
					"r": 0.38666665554046631,
					"g": 0.12502993643283844,
					"b": 0.12502993643283844,
					"a": 0
				},
				"roughness": 0.29736810922622681,
				"transparency": 0.34171822667121887
			}
		}
	},
	"textureSynthesis":
	{
		"bSkinUnlocked": true,
		"lowFrequency": 0.019946807995438576,
		"highFrequency": 0.12039927393198013,
		"contrast": 1,
		"skinToneUI":
		{
			"x": 0.35404181480407715,
			"y": 0.59166663885116577
		},
		"skinTone":
		{
			"r": 0.52099555730819702,
			"g": 0.24228112399578094,
			"b": 0.16202937066555023,
			"a": 1
		}
	},
	"grooms":
	{
		"hair":
		{
			"option": "MediumBobCurly",
			"length": 1,
			"bUseCustomProperties": true,
			"melaninAndRedness":
			{
				"x": 0.68263473053892221,
				"y": 0.08666666666666667
			},
			"roughness": 0.34047588706016541,
			"whiteness": 0,
			"lightness": 0.5,
			"presetOption": "None",
			"bUseDyeColor": false,
			"dyeColor":
			{
				"r": 0.32156899571418762,
				"g": 0,
				"b": 0.69019597768783569,
				"a": 1
			},
			"bUseRegions": false,
			"regionsUV":
			{
				"x": 0.28189998865127563,
				"y": 0.25
			},
			"bUseRegionsColor": false,
			"regionsColor":
			{
				"r": 1,
				"g": 1,
				"b": 1,
				"a": 1
			},
			"regionsPresetOption": "None",
			"bUseOmbre": false,
			"ombreUV":
			{
				"x": 0.28189998865127563,
				"y": 0.25
			},
			"bUseOmbreColor": false,
			"ombreColor":
			{
				"r": 1,
				"g": 1,
				"b": 1,
				"a": 1
			},
			"ombreShift": 0.5,
			"ombreContrast": 0,
			"ombreIntensity": 1,
			"ombrePresetOption": "None",
			"bUseHighlights": false,
			"highlightsUV":
			{
				"x": 0.28189998865127563,
				"y": 0.25
			},
			"bUseHighlightsColor": false,
			"highlightsColor":
			{
				"r": 1,
				"g": 1,
				"b": 1,
				"a": 1
			},
			"highlightsBlending": 0.5,
			"highlightsIntensity": 0.5,
			"highlightsVariation": 0,
			"highlightsPresetOption": "None",
			"eyebrowsShading": 1,
			"eyebrowsMicroblading": 1,
			"bUseMaskModulation": false,
			"maskModulationOption": "None"
		},
		"eyebrows":
		{
			"option": "EyebrowsShortFlatThin",
			"length": 1,
			"bUseCustomProperties": true,
			"melaninAndRedness":
			{
				"x": 1,
				"y": 0
			},
			"roughness": 0.10451746731996536,
			"whiteness": 0,
			"lightness": 0.5,
			"presetOption": "None",
			"bUseDyeColor": false,
			"dyeColor":
			{
				"r": 0.32156899571418762,
				"g": 0,
				"b": 0.69019597768783569,
				"a": 1
			},
			"bUseRegions": false,
			"regionsUV":
			{
				"x": 0.28189998865127563,
				"y": 0.25
			},
			"bUseRegionsColor": false,
			"regionsColor":
			{
				"r": 1,
				"g": 1,
				"b": 1,
				"a": 1
			},
			"regionsPresetOption": "None",
			"bUseOmbre": false,
			"ombreUV":
			{
				"x": 0.28189998865127563,
				"y": 0.25
			},
			"bUseOmbreColor": false,
			"ombreColor":
			{
				"r": 1,
				"g": 1,
				"b": 1,
				"a": 1
			},
			"ombreShift": 0.5,
			"ombreContrast": 0,
			"ombreIntensity": 1,
			"ombrePresetOption": "None",
			"bUseHighlights": false,
			"highlightsUV":
			{
				"x": 0.28189998865127563,
				"y": 0.25
			},
			"bUseHighlightsColor": false,
			"highlightsColor":
			{
				"r": 1,
				"g": 1,
				"b": 1,
				"a": 1
			},
			"highlightsBlending": 0.5,
			"highlightsIntensity": 0.5,
			"highlightsVariation": 0,
			"highlightsPresetOption": "None",
			"eyebrowsShading": 1,
			"eyebrowsMicroblading": 1,